ngram_param,training_acc,testing_acc
1--1,0.999736911339,0.771052631579
2--2,0.999473822678,0.641052631579
3--3,0.996579847409,0.497894736842
1--3,0.999736911339,0.765263157895
2--3,0.999473822678,0.629473684211
